id,Nglides,Total,Pglides
blue2,2195,50794,4.32137654053628
blue4,4284,50405,8.4991568296796
blue5,6759,56891,11.8806138053471
